<?xml version="1.0" encoding="UTF-8"?>
<project-private xmlns="http://www.netbeans.org/ns/project-private/1">
    <editor-bookmarks xmlns="http://www.netbeans.org/ns/editor-bookmarks/2" lastBookmarkId="0"/>
    <open-files xmlns="http://www.netbeans.org/ns/projectui-open-files/2">
        <group>
            <file>file:/D:/My%20Documents/NetBeansProjects/CustomerEJBModule/src/java/za/ac/tut/ejb/bl/CustomerFacadeLocal.java</file>
            <file>file:/D:/My%20Documents/NetBeansProjects/CustomerEJBModule/src/java/za/ac/tut/ejb/bl/AbstractFacade.java</file>
            <file>file:/D:/My%20Documents/NetBeansProjects/CustomerEJBModule/src/java/za/ac/tut/ejb/bl/ContactFacadeLocal.java</file>
            <file>file:/D:/My%20Documents/NetBeansProjects/CustomerEJBModule/src/java/za/ac/tut/entities/Contact.java</file>
            <file>file:/D:/My%20Documents/NetBeansProjects/CustomerEJBModule/src/java/za/ac/tut/entities/Customer.java</file>
            <file>file:/D:/My%20Documents/NetBeansProjects/CustomerEJBModule/src/java/za/ac/tut/ejb/bl/ContactFacade.java</file>
            <file>file:/D:/My%20Documents/NetBeansProjects/CustomerEJBModule/src/java/za/ac/tut/ejb/bl/CustomerFacade.java</file>
        </group>
    </open-files>
</project-private>
