<?xml version="1.0" encoding="UTF-8"?>
<project-private xmlns="http://www.netbeans.org/ns/project-private/1">
    <editor-bookmarks xmlns="http://www.netbeans.org/ns/editor-bookmarks/2" lastBookmarkId="0"/>
    <open-files xmlns="http://www.netbeans.org/ns/projectui-open-files/2">
        <group>
            <file>file:/D:/My%20Documents/NetBeansProjects/CustomerWebApp/web/add_customer.jsp</file>
            <file>file:/D:/My%20Documents/NetBeansProjects/CustomerWebApp/web/get_female_customers.jsp</file>
            <file>file:/D:/My%20Documents/NetBeansProjects/CustomerWebApp/web/add_customer_outcome.jsp</file>
            <file>file:/D:/My%20Documents/NetBeansProjects/CustomerWebApp/src/java/za/ac/tut/web/GetFemaleCustomersServlet.java</file>
            <file>file:/D:/My%20Documents/NetBeansProjects/CustomerWebApp/web/index.html</file>
            <file>file:/D:/My%20Documents/NetBeansProjects/CustomerWebApp/web/get_female_customers_outcome.jsp</file>
            <file>file:/D:/My%20Documents/NetBeansProjects/CustomerWebApp/web/menu.jsp</file>
            <file>file:/D:/My%20Documents/NetBeansProjects/CustomerWebApp/src/java/za/ac/tut/web/AddCustomerServlet.java</file>
        </group>
    </open-files>
</project-private>
